ts,dispositivo_id,p_ac_kw,irradiancia_wm2,temp_modulo_c
2026-10-05 00:00:00,1,0.0,0.0,22.0
2026-10-05 00:05:00,1,0.0,0.0,22.0
2026-10-05 00:10:00,1,0.0,0.0,22.0
2026-10-05 00:15:00,1,0.0,0.0,22.0
2026-10-05 00:20:00,1,0.0,0.0,22.0
2026-10-05 00:25:00,1,-1,0.0,22.0
2026-10-05 00:30:00,1,0.0,0.0,22.0
2026-10-05 00:35:00,1,0.0,0.0,22.0
2026-10-05 00:40:00,1,-1,0.0,22.0
2026-10-05 00:45:00,1,0.0,0.0,22.0
2026-10-05 00:50:00,1,0.0,0.0,22.0
2026-10-05 00:55:00,1,-1,0.0,22.0
2026-10-05 01:00:00,1,0.0,0.0,22.0
2026-10-05 01:05:00,1,0.0,0.0,22.0
2026-10-05 01:10:00,1,0.0,0.0,22.0
2026-10-05 01:15:00,1,0.0,0.0,22.0
2026-10-05 01:20:00,1,0.0,0.0,22.0
2026-10-05 01:25:00,1,0.0,0.0,22.0
2026-10-05 01:30:00,1,0.0,0.0,22.0
2026-10-05 01:35:00,1,0.0,0.0,22.0
2026-10-05 01:40:00,1,0.0,0.0,22.0
2026-10-05 01:45:00,1,0.0,0.0,22.0
2026-10-05 01:50:00,1,0.0,0.0,22.0
2026-10-05 01:55:00,1,0.0,0.0,22.0
2026-10-05 02:00:00,1,0.0,0.0,22.0
2026-10-05 02:05:00,1,0.0,0.0,22.0
2026-10-05 02:10:00,1,0.0,0.0,22.0
2026-10-05 02:15:00,1,0.0,0.0,22.0
2026-10-05 02:20:00,1,0.0,0.0,22.0
2026-10-05 02:25:00,1,0.0,0.0,22.0
2026-10-05 02:30:00,1,0.0,0.0,22.0
2026-10-05 02:35:00,1,0.0,0.0,22.0
2026-10-05 02:40:00,1,0.0,0.0,22.0
2026-10-05 02:45:00,1,0.0,0.0,22.0
2026-10-05 02:50:00,1,0.0,0.0,22.0
2026-10-05 02:55:00,1,0.0,0.0,22.0
2026-10-05 03:00:00,1,0.0,0.0,22.0
2026-10-05 03:05:00,1,0.0,0.0,22.0
2026-10-05 03:10:00,1,0.0,0.0,22.0
2026-10-05 03:15:00,1,0.0,0.0,22.0
2026-10-05 03:20:00,1,0.0,0.0,22.0
2026-10-05 03:25:00,1,0.0,0.0,22.0
2026-10-05 03:30:00,1,0.0,0.0,22.0
2026-10-05 03:35:00,1,0.0,0.0,22.0
2026-10-05 03:40:00,1,0.0,0.0,22.0
2026-10-05 03:45:00,1,0.0,0.0,22.0
2026-10-05 03:50:00,1,0.0,0.0,22.0
2026-10-05 03:55:00,1,0.0,0.0,22.0
2026-10-05 04:00:00,1,0.0,0.0,22.0
2026-10-05 04:05:00,1,0.0,0.0,22.0
2026-10-05 04:10:00,1,0.0,0.0,22.0
2026-10-05 04:15:00,1,0.0,0.0,22.0
2026-10-05 04:20:00,1,0.0,0.0,22.0
2026-10-05 04:25:00,1,0.0,0.0,22.0
2026-10-05 04:30:00,1,0.0,0.0,22.0
2026-10-05 04:35:00,1,0.0,0.0,22.0
2026-10-05 04:40:00,1,0.0,0.0,22.0
2026-10-05 04:45:00,1,0.0,0.0,22.0
2026-10-05 04:50:00,1,0.0,0.0,22.0
2026-10-05 04:55:00,1,0.0,0.0,22.0
2026-10-05 05:00:00,1,0.0,0.0,22.0
2026-10-05 05:05:00,1,0.0,0.0,22.0
2026-10-05 05:10:00,1,0.0,0.0,22.0
2026-10-05 05:15:00,1,0.0,0.0,22.0
2026-10-05 05:20:00,1,-1,0.0,22.0
2026-10-05 05:25:00,1,0.0,0.0,22.0
2026-10-05 05:30:00,1,0.0,0.0,22.0
2026-10-05 05:35:00,1,0.0,0.0,22.0
2026-10-05 05:40:00,1,0.0,0.0,22.0
2026-10-05 05:45:00,1,0.0,0.0,22.0
2026-10-05 05:50:00,1,0.0,0.0,22.0
2026-10-05 05:55:00,1,0.0,0.0,22.0
2026-10-05 06:00:00,1,0.0,,22.0
2026-10-05 06:05:00,1,0.082,,22.7
2026-10-05 06:10:00,1,0.154,37.2,23.3
2026-10-05 06:15:00,1,0.235,58.5,24.0
2026-10-05 06:20:00,1,0.294,66.8,24.6
2026-10-05 06:25:00,1,0.413,95.0,25.3
2026-10-05 06:30:00,1,0.477,109.8,25.9
2026-10-05 06:35:00,1,0.576,137.4,26.6
2026-10-05 06:40:00,1,0.698,172.7,27.2
2026-10-05 06:45:00,1,0.807,188.8,27.9
2026-10-05 06:50:00,1,0.713,165.8,28.5
2026-10-05 06:55:00,1,0.728,175.7,29.1
2026-10-05 07:00:00,1,0.891,214.5,29.8
2026-10-05 07:05:00,1,1.157,275.9,30.4
2026-10-05 07:10:00,1,1.207,271.3,31.0
2026-10-05 07:15:00,1,1.112,270.2,31.6
2026-10-05 07:20:00,1,1.372,314.5,32.3
2026-10-05 07:25:00,1,1.242,298.6,32.9
2026-10-05 07:30:00,1,1.333,324.5,33.5
2026-10-05 07:35:00,1,1.496,366.6,34.1
2026-10-05 07:40:00,1,1.646,401.2,34.7
2026-10-05 07:45:00,1,1.27,313.8,35.3
2026-10-05 07:50:00,1,1.447,325.3,35.9
2026-10-05 07:55:00,1,1.829,456.2,36.4
2026-10-05 08:00:00,1,1.888,465.1,37.0
2026-10-05 08:05:00,1,1.711,414.5,37.6
2026-10-05 08:10:00,1,2.194,514.9,38.1
2026-10-05 08:15:00,1,2.185,495.3,38.7
2026-10-05 08:20:00,1,1.969,478.2,39.2
2026-10-05 08:25:00,1,2.319,558.0,39.7
2026-10-05 08:30:00,1,2.462,559.7,40.3
2026-10-05 08:35:00,1,1.792,447.1,40.8
2026-10-05 08:40:00,1,2.029,455.7,41.3
2026-10-05 08:45:00,1,1.925,469.7,41.8
2026-10-05 08:50:00,1,2.183,520.6,42.3
2026-10-05 08:55:00,1,2.677,618.5,42.7
2026-10-05 09:00:00,1,2.708,667.5,43.2
2026-10-05 09:05:00,1,2.587,644.3,43.7
2026-10-05 09:10:00,1,2.489,603.2,44.1
2026-10-05 09:15:00,1,3.014,750.5,44.6
2026-10-05 09:20:00,1,2.988,697.5,45.0
2026-10-05 09:25:00,1,2.499,564.3,45.4
2026-10-05 09:30:00,1,2.849,700.9,45.8
2026-10-05 09:35:00,1,2.86,660.1,46.2
2026-10-05 09:40:00,1,2.768,691.6,46.6
2026-10-05 09:45:00,1,3.648,818.7,46.9
2026-10-05 09:50:00,1,2.952,690.8,47.3
2026-10-05 09:55:00,1,3.36,771.6,47.6
2026-10-05 10:00:00,1,3.719,862.7,48.0
2026-10-05 10:05:00,1,3.476,846.9,48.3
2026-10-05 10:10:00,1,3.735,886.0,48.6
2026-10-05 10:15:00,1,2.723,676.7,48.9
2026-10-05 10:20:00,1,3.708,878.7,49.2
2026-10-05 10:25:00,1,3.648,862.3,49.5
2026-10-05 10:30:00,1,2.929,729.3,49.7
2026-10-05 10:35:00,1,2.96,710.3,50.0
2026-10-05 10:40:00,1,2.97,676.7,50.2
2026-10-05 10:45:00,1,-1,697.5,50.4
2026-10-05 10:50:00,1,2.747,669.7,50.6
2026-10-05 10:55:00,1,3.646,889.2,50.8
2026-10-05 11:00:00,1,4.152,954.3,51.0
2026-10-05 11:05:00,1,3.621,888.4,51.1
2026-10-05 11:10:00,1,4.138,947.3,51.3
2026-10-05 11:15:00,1,3.171,766.2,51.4
2026-10-05 11:20:00,1,3.425,826.7,51.5
2026-10-05 11:20:00,1,3.425,826.7,51.5
2026-10-05 11:25:00,1,3.0,694.8,51.7
2026-10-05 11:30:00,1,3.882,863.9,51.7
2026-10-05 11:35:00,1,3.802,871.7,51.8
2026-10-05 11:40:00,1,4.3,980.5,51.9
2026-10-05 11:45:00,1,3.583,889.6,51.9
2026-10-05 11:50:00,1,3.402,810.9,52.0
2026-10-05 11:55:00,1,3.394,815.8,52.0
2026-10-05 12:00:00,1,3.931,930.3,52.0
2026-10-05 12:05:00,1,3.377,761.3,52.0
2026-10-05 12:10:00,1,3.802,861.4,52.0
2026-10-05 12:15:00,1,3.885,960.4,51.9
2026-10-05 12:20:00,1,-1,728.3,51.9
2026-10-05 12:25:00,1,4.075,964.1,51.8
2026-10-05 12:30:00,1,3.556,813.0,51.7
2026-10-05 12:35:00,1,3.201,787.8,51.7
2026-10-05 12:40:00,1,3.37,780.6,51.5
2026-10-05 12:45:00,1,3.811,930.7,51.4
2026-10-05 12:50:00,1,3.287,,51.3
2026-10-05 12:55:00,1,2.868,686.6,51.1
2026-10-05 13:00:00,1,3.467,787.8,51.0
2026-10-05 13:05:00,1,3.959,959.3,50.8
2026-10-05 13:10:00,1,3.572,798.3,50.6
2026-10-05 13:15:00,1,3.55,835.4,50.4
2026-10-05 13:20:00,1,3.289,809.5,50.2
2026-10-05 13:25:00,1,3.113,770.6,50.0
2026-10-05 13:30:00,1,3.786,856.3,49.7
2026-10-05 13:35:00,1,3.52,863.2,49.5
2026-10-05 13:40:00,1,3.355,762.7,49.2
2026-10-05 13:45:00,1,2.999,748.0,48.9
2026-10-05 13:50:00,1,3.555,838.0,48.6
2026-10-05 13:55:00,1,3.287,731.2,48.3
2026-10-05 14:00:00,1,3.399,779.2,48.0
2026-10-05 14:05:00,1,3.461,832.7,47.6
2026-10-05 14:10:00,1,3.35,813.2,47.3
2026-10-05 14:15:00,1,2.674,656.5,46.9
2026-10-05 14:20:00,1,2.672,597.9,46.6
2026-10-05 14:25:00,1,2.701,650.2,46.2
2026-10-05 14:30:00,1,2.988,715.1,45.8
2026-10-05 14:35:00,1,3.244,729.1,45.4
2026-10-05 14:40:00,1,2.832,671.5,45.0
2026-10-05 14:45:00,1,2.7,616.6,44.6
2026-10-05 14:50:00,1,2.367,552.7,44.1
2026-10-05 14:55:00,1,2.273,547.3,43.7
2026-10-05 15:00:00,1,2.255,550.8,43.2
2026-10-05 15:00:00,1,2.255,550.8,43.2
2026-10-05 15:05:00,1,2.581,604.0,42.7
2026-10-05 15:10:00,1,2.077,479.4,42.3
2026-10-05 15:15:00,1,2.602,619.7,41.8
2026-10-05 15:20:00,1,2.544,581.5,41.3
2026-10-05 15:25:00,1,1.828,447.7,40.8
2026-10-05 15:30:00,1,2.3,535.4,40.3
2026-10-05 15:35:00,1,2.556,580.2,39.7
2026-10-05 15:40:00,1,2.004,480.7,39.2
2026-10-05 15:45:00,1,2.092,513.8,38.7
2026-10-05 15:50:00,1,2.304,529.1,38.1
2026-10-05 15:55:00,1,2.1,504.6,37.6
2026-10-05 16:00:00,1,1.889,453.4,37.0
2026-10-05 16:05:00,1,1.524,343.2,36.4
2026-10-05 16:10:00,1,2.003,456.5,35.9
2026-10-05 16:15:00,1,1.716,418.8,35.3
2026-10-05 16:20:00,1,1.366,338.5,34.7
2026-10-05 16:25:00,1,1.676,376.5,34.1
2026-10-05 16:30:00,1,1.13,280.4,33.5
2026-10-05 16:35:00,1,1.245,279.6,32.9
2026-10-05 16:40:00,1,1.448,341.6,32.3
2026-10-05 16:45:00,1,1.227,296.3,31.6
2026-10-05 16:50:00,1,1.238,293.9,31.0
2026-10-05 16:55:00,1,1.038,231.8,30.4
2026-10-05 17:00:00,1,0.999,236.3,29.8
2026-10-05 17:05:00,1,0.749,168.7,29.1
2026-10-05 17:10:00,1,0.864,214.2,28.5
2026-10-05 17:15:00,1,0.709,160.0,27.9
2026-10-05 17:20:00,1,0.725,161.2,27.2
2026-10-05 17:25:00,1,0.613,,26.6
2026-10-05 17:30:00,1,0.447,106.7,25.9
2026-10-05 17:35:00,1,0.421,103.7,25.3
2026-10-05 17:40:00,1,0.362,84.3,24.6
2026-10-05 17:45:00,1,0.257,60.5,24.0
2026-10-05 17:50:00,1,0.159,37.7,23.3
2026-10-05 17:55:00,1,0.088,21.5,22.7
2026-10-05 18:00:00,1,0.0,0.0,22.0
2026-10-05 18:05:00,1,0.0,0.0,22.0
2026-10-05 18:10:00,1,0.0,,22.0
2026-10-05 18:15:00,1,0.0,0.0,22.0
2026-10-05 18:20:00,1,0.0,0.0,22.0
2026-10-05 18:25:00,1,0.0,0.0,22.0
2026-10-05 18:30:00,1,0.0,0.0,22.0
2026-10-05 18:35:00,1,0.0,0.0,22.0
2026-10-05 18:40:00,1,0.0,0.0,22.0
2026-10-05 18:45:00,1,0.0,0.0,22.0
2026-10-05 18:50:00,1,0.0,0.0,22.0
2026-10-05 18:55:00,1,0.0,0.0,22.0
2026-10-05 19:00:00,1,0.0,0.0,22.0
2026-10-05 19:05:00,1,0.0,0.0,22.0
2026-10-05 19:10:00,1,0.0,0.0,22.0
2026-10-05 19:15:00,1,0.0,0.0,22.0
2026-10-05 19:20:00,1,0.0,0.0,22.0
2026-10-05 19:25:00,1,0.0,0.0,22.0
2026-10-05 19:30:00,1,0.0,0.0,22.0
2026-10-05 19:35:00,1,0.0,0.0,22.0
2026-10-05 19:40:00,1,0.0,0.0,22.0
2026-10-05 19:45:00,1,0.0,0.0,22.0
2026-10-05 19:50:00,1,0.0,0.0,22.0
2026-10-05 19:55:00,1,0.0,0.0,22.0
2026-10-05 20:00:00,1,0.0,0.0,22.0
2026-10-05 20:05:00,1,0.0,0.0,22.0
2026-10-05 20:10:00,1,0.0,0.0,22.0
2026-10-05 20:15:00,1,0.0,0.0,22.0
2026-10-05 20:20:00,1,0.0,0.0,22.0
2026-10-05 20:25:00,1,0.0,0.0,22.0
2026-10-05 20:30:00,1,0.0,0.0,22.0
2026-10-05 20:35:00,1,0.0,0.0,22.0
2026-10-05 20:40:00,1,0.0,0.0,22.0
2026-10-05 20:45:00,1,0.0,0.0,22.0
2026-10-05 20:50:00,1,0.0,0.0,22.0
2026-10-05 20:55:00,1,0.0,0.0,22.0
2026-10-05 21:00:00,1,0.0,0.0,22.0
2026-10-05 21:05:00,1,0.0,0.0,22.0
2026-10-05 21:10:00,1,0.0,0.0,22.0
2026-10-05 21:15:00,1,0.0,0.0,22.0
2026-10-05 21:20:00,1,0.0,0.0,22.0
2026-10-05 21:25:00,1,0.0,0.0,22.0
2026-10-05 21:30:00,1,0.0,0.0,22.0
2026-10-05 21:35:00,1,-1,0.0,22.0
2026-10-05 21:40:00,1,0.0,0.0,22.0
2026-10-05 21:45:00,1,0.0,0.0,22.0
2026-10-05 21:50:00,1,-1,0.0,22.0
2026-10-05 21:55:00,1,0.0,0.0,22.0
2026-10-05 22:00:00,1,0.0,0.0,22.0
2026-10-05 22:05:00,1,0.0,0.0,22.0
2026-10-05 22:10:00,1,0.0,0.0,22.0
2026-10-05 22:15:00,1,0.0,0.0,22.0
2026-10-05 22:20:00,1,0.0,0.0,22.0
2026-10-05 22:25:00,1,0.0,0.0,22.0
2026-10-05 22:30:00,1,0.0,0.0,22.0
2026-10-05 22:35:00,1,0.0,0.0,22.0
2026-10-05 22:40:00,1,0.0,,22.0
2026-10-05 22:45:00,1,0.0,0.0,22.0
2026-10-05 22:50:00,1,0.0,0.0,22.0
2026-10-05 22:55:00,1,0.0,0.0,22.0
2026-10-05 23:00:00,1,0.0,0.0,22.0
2026-10-05 23:05:00,1,0.0,0.0,22.0
2026-10-05 23:10:00,1,0.0,0.0,22.0
2026-10-05 23:15:00,1,0.0,0.0,22.0
2026-10-05 23:20:00,1,0.0,0.0,22.0
2026-10-05 23:25:00,1,0.0,0.0,22.0
2026-10-05 23:30:00,1,0.0,0.0,22.0
2026-10-05 23:35:00,1,-1,0.0,22.0
2026-10-05 23:40:00,1,0.0,0.0,22.0
2026-10-05 23:45:00,1,0.0,0.0,22.0
2026-10-05 23:50:00,1,0.0,0.0,22.0
2026-10-05 23:55:00,1,0.0,0.0,22.0
2026-10-06 00:00:00,1,0.0,0.0,22.0
2026-10-06 00:05:00,1,0.0,0.0,22.0
2026-10-06 00:10:00,1,0.0,0.0,22.0
2026-10-06 00:15:00,1,0.0,0.0,22.0
2026-10-06 00:20:00,1,0.0,0.0,22.0
2026-10-06 00:25:00,1,0.0,0.0,22.0
2026-10-06 00:30:00,1,0.0,0.0,22.0
2026-10-06 00:35:00,1,0.0,0.0,22.0
2026-10-06 00:40:00,1,0.0,0.0,22.0
2026-10-06 00:45:00,1,0.0,0.0,22.0
2026-10-06 00:50:00,1,0.0,0.0,22.0
2026-10-06 00:55:00,1,0.0,,22.0
2026-10-06 01:00:00,1,0.0,0.0,22.0
2026-10-06 01:05:00,1,0.0,0.0,22.0
2026-10-06 01:10:00,1,0.0,0.0,22.0
2026-10-06 01:15:00,1,0.0,0.0,22.0
2026-10-06 01:20:00,1,0.0,0.0,22.0
2026-10-06 01:25:00,1,0.0,0.0,22.0
2026-10-06 01:30:00,1,0.0,0.0,22.0
2026-10-06 01:35:00,1,0.0,0.0,22.0
2026-10-06 01:40:00,1,0.0,0.0,22.0
2026-10-06 01:45:00,1,-1,0.0,22.0
2026-10-06 01:50:00,1,0.0,0.0,22.0
2026-10-06 01:55:00,1,0.0,0.0,22.0
2026-10-06 02:00:00,1,0.0,0.0,22.0
2026-10-06 02:05:00,1,0.0,0.0,22.0
2026-10-06 02:10:00,1,0.0,0.0,22.0
2026-10-06 02:15:00,1,0.0,0.0,22.0
2026-10-06 02:20:00,1,0.0,0.0,22.0
2026-10-06 02:25:00,1,0.0,0.0,22.0
2026-10-06 02:30:00,1,0.0,0.0,22.0
2026-10-06 02:35:00,1,0.0,0.0,22.0
2026-10-06 02:40:00,1,-1,0.0,22.0
2026-10-06 02:45:00,1,0.0,0.0,22.0
2026-10-06 02:50:00,1,0.0,0.0,22.0
2026-10-06 02:55:00,1,0.0,0.0,22.0
2026-10-06 03:00:00,1,0.0,0.0,22.0
2026-10-06 03:05:00,1,0.0,0.0,22.0
2026-10-06 03:10:00,1,0.0,0.0,22.0
2026-10-06 03:15:00,1,0.0,0.0,22.0
2026-10-06 03:20:00,1,0.0,0.0,22.0
2026-10-06 03:25:00,1,0.0,0.0,22.0
2026-10-06 03:30:00,1,0.0,0.0,22.0
2026-10-06 03:35:00,1,0.0,0.0,22.0
2026-10-06 03:40:00,1,0.0,0.0,22.0
2026-10-06 03:45:00,1,0.0,0.0,22.0
2026-10-06 03:50:00,1,0.0,0.0,22.0
2026-10-06 03:55:00,1,0.0,0.0,22.0
2026-10-06 04:00:00,1,0.0,0.0,22.0
2026-10-06 04:05:00,1,0.0,0.0,22.0
2026-10-06 04:10:00,1,0.0,0.0,22.0
2026-10-06 04:15:00,1,0.0,0.0,22.0
2026-10-06 04:20:00,1,0.0,0.0,22.0
2026-10-06 04:25:00,1,0.0,0.0,22.0
2026-10-06 04:30:00,1,0.0,0.0,22.0
2026-10-06 04:35:00,1,0.0,0.0,22.0
2026-10-06 04:35:00,1,0.0,0.0,22.0
2026-10-06 04:40:00,1,0.0,0.0,22.0
2026-10-06 04:45:00,1,0.0,0.0,22.0
2026-10-06 04:50:00,1,0.0,0.0,22.0
2026-10-06 04:55:00,1,0.0,0.0,22.0
2026-10-06 05:00:00,1,0.0,0.0,22.0
2026-10-06 05:05:00,1,0.0,0.0,22.0
2026-10-06 05:10:00,1,0.0,0.0,22.0
2026-10-06 05:15:00,1,0.0,0.0,22.0
2026-10-06 05:20:00,1,0.0,0.0,22.0
2026-10-06 05:25:00,1,0.0,0.0,22.0
2026-10-06 05:30:00,1,0.0,0.0,22.0
2026-10-06 05:35:00,1,0.0,0.0,22.0
2026-10-06 05:40:00,1,0.0,0.0,22.0
2026-10-06 05:45:00,1,0.0,0.0,22.0
2026-10-06 05:50:00,1,0.0,0.0,22.0
2026-10-06 05:55:00,1,0.0,0.0,22.0
2026-10-06 06:00:00,1,0.0,0.0,22.0
2026-10-06 06:05:00,1,0.067,16.1,22.7
2026-10-06 06:10:00,1,0.173,39.8,23.3
2026-10-06 06:15:00,1,0.224,50.2,24.0
2026-10-06 06:20:00,1,0.267,65.6,24.6
2026-10-06 06:25:00,1,0.409,91.2,25.3
2026-10-06 06:30:00,1,0.387,94.9,25.9
2026-10-06 06:35:00,1,0.441,108.5,26.6
2026-10-06 06:40:00,1,0.591,133.5,27.2
2026-10-06 06:45:00,1,0.777,184.2,27.9
2026-10-06 06:50:00,1,0.809,191.2,28.5
2026-10-06 06:55:00,1,0.964,220.6,29.1
2026-10-06 07:00:00,1,0.888,206.8,29.8
2026-10-06 07:00:00,1,0.888,206.8,29.8
2026-10-06 07:05:00,1,1.126,279.4,30.4
2026-10-06 07:10:00,1,0.857,213.4,31.0
2026-10-06 07:15:00,1,1.163,283.5,31.6
2026-10-06 07:20:00,1,1.209,285.2,32.3
2026-10-06 07:25:00,1,1.133,276.2,32.9
2026-10-06 07:25:00,1,1.133,276.2,32.9
2026-10-06 07:30:00,1,1.327,327.3,33.5
2026-10-06 07:35:00,1,1.415,349.2,34.1
2026-10-06 07:40:00,1,1.736,414.2,34.7
2026-10-06 07:45:00,1,1.621,384.7,35.3
2026-10-06 07:50:00,1,1.699,383.1,35.9
2026-10-06 07:55:00,1,1.712,416.7,36.4
2026-10-06 08:00:00,1,1.709,414.1,37.0
2026-10-06 08:05:00,1,1.722,398.5,37.6
2026-10-06 08:10:00,1,1.914,436.1,38.1
2026-10-06 08:15:00,1,1.909,454.9,38.7
2026-10-06 08:20:00,1,2.122,527.5,39.2
2026-10-06 08:25:00,1,2.362,558.3,39.7
2026-10-06 08:30:00,1,2.185,522.5,40.3
2026-10-06 08:35:00,1,2.307,573.8,40.8
2026-10-06 08:40:00,1,2.079,481.8,41.3
2026-10-06 08:45:00,1,2.21,503.1,41.8
2026-10-06 08:50:00,1,2.655,608.7,42.3
2026-10-06 08:55:00,1,2.648,649.9,42.7
2026-10-06 09:00:00,1,2.461,603.3,43.2
2026-10-06 09:05:00,1,2.476,596.5,43.7
2026-10-06 09:10:00,1,2.884,655.2,44.1
2026-10-06 09:15:00,1,2.554,626.3,44.6
2026-10-06 09:20:00,1,3.102,753.9,45.0
2026-10-06 09:25:00,1,2.561,576.2,45.4
2026-10-06 09:30:00,1,3.097,761.8,45.8
2026-10-06 09:35:00,1,2.481,566.2,46.2
2026-10-06 09:40:00,1,3.334,787.8,46.6
2026-10-06 09:45:00,1,2.4,598.4,46.9
2026-10-06 09:50:00,1,3.131,751.0,47.3
2026-10-06 09:55:00,1,2.783,626.5,47.6
2026-10-06 10:00:00,1,2.871,,48.0
2026-10-06 10:05:00,1,2.837,695.8,48.3
2026-10-06 10:10:00,1,2.847,699.5,48.6
2026-10-06 10:15:00,1,2.735,659.2,48.9
2026-10-06 10:20:00,1,3.247,774.3,49.2
2026-10-06 10:25:00,1,3.178,764.7,49.5
2026-10-06 10:30:00,1,3.083,718.9,49.7
2026-10-06 10:35:00,1,3.025,736.0,50.0
2026-10-06 10:40:00,1,3.16,744.0,50.2
2026-10-06 10:45:00,1,3.745,921.5,50.4
2026-10-06 10:45:00,1,3.745,921.5,50.4
2026-10-06 10:50:00,1,3.256,794.7,50.6
2026-10-06 10:55:00,1,3.284,812.0,50.8
2026-10-06 11:00:00,1,3.199,726.7,51.0
2026-10-06 11:05:00,1,3.17,712.5,51.1
2026-10-06 11:10:00,1,2.916,716.6,51.3
2026-10-06 11:15:00,1,3.851,938.9,51.4
2026-10-06 11:15:00,1,3.851,938.9,51.4
2026-10-06 11:20:00,1,3.985,976.8,51.5
2026-10-06 11:25:00,1,4.275,969.8,51.7
2026-10-06 11:30:00,1,3.409,845.3,51.7
2026-10-06 11:35:00,1,2.992,738.1,51.8
2026-10-06 11:40:00,1,3.081,749.3,51.9
2026-10-06 11:45:00,1,3.435,772.6,51.9
2026-10-06 11:50:00,1,3.262,740.4,52.0
2026-10-06 11:55:00,1,2.926,729.6,52.0
2026-10-06 12:00:00,1,3.273,787.0,52.0
2026-10-06 12:05:00,1,3.241,774.0,52.0
2026-10-06 12:10:00,1,3.627,845.3,52.0
2026-10-06 12:15:00,1,3.142,757.8,51.9
2026-10-06 12:20:00,1,3.719,829.3,51.9
2026-10-06 12:25:00,1,3.364,752.5,51.8
2026-10-06 12:30:00,1,3.27,796.1,51.7
2026-10-06 12:35:00,1,3.714,846.7,51.7
2026-10-06 12:40:00,1,4.244,943.3,51.5
2026-10-06 12:45:00,1,4.194,970.5,51.4
2026-10-06 12:50:00,1,3.181,735.0,51.3
2026-10-06 12:55:00,1,3.717,926.1,51.1
2026-10-06 13:00:00,1,3.595,839.4,51.0
2026-10-06 13:05:00,1,3.412,794.3,50.8
2026-10-06 13:10:00,1,3.327,830.2,50.6
2026-10-06 13:15:00,1,3.066,693.8,50.4
2026-10-06 13:15:00,1,3.066,693.8,50.4
2026-10-06 13:20:00,1,2.913,700.0,50.2
2026-10-06 13:25:00,1,3.926,905.2,50.0
2026-10-06 13:30:00,1,3.432,825.6,49.7
2026-10-06 13:35:00,1,3.681,875.2,49.5
2026-10-06 13:40:00,1,3.291,812.4,49.2
2026-10-06 13:45:00,1,3.458,829.2,48.9
2026-10-06 13:50:00,1,2.943,661.2,48.6
2026-10-06 13:55:00,1,3.61,833.1,48.3
2026-10-06 14:00:00,1,2.729,627.8,48.0
2026-10-06 14:05:00,1,3.216,724.9,47.6
2026-10-06 14:10:00,1,2.708,641.0,47.3
2026-10-06 14:15:00,1,3.068,691.0,46.9
2026-10-06 14:20:00,1,3.082,708.6,46.6
2026-10-06 14:25:00,1,2.398,598.0,46.2
2026-10-06 14:30:00,1,2.579,642.6,45.8
2026-10-06 14:35:00,1,2.648,592.0,45.4
2026-10-06 14:40:00,1,2.918,676.2,45.0
2026-10-06 14:45:00,1,2.932,692.9,44.6
2026-10-06 14:50:00,1,2.991,707.3,44.1
2026-10-06 14:55:00,1,2.468,605.5,43.7
2026-10-06 15:00:00,1,2.853,676.6,43.2
2026-10-06 15:05:00,1,2.642,610.2,42.7
2026-10-06 15:10:00,1,2.049,494.1,42.3
2026-10-06 15:15:00,1,2.835,632.7,41.8
2026-10-06 15:20:00,1,1.947,473.2,41.3
2026-10-06 15:25:00,1,1.892,469.5,40.8
2026-10-06 15:30:00,1,2.18,538.9,40.3
2026-10-06 15:35:00,1,1.964,449.9,39.7
2026-10-06 15:40:00,1,2.081,496.6,39.2
2026-10-06 15:45:00,1,1.796,437.5,38.7
2026-10-06 15:50:00,1,1.876,459.2,38.1
2026-10-06 15:55:00,1,1.92,432.1,37.6
2026-10-06 16:00:00,1,1.632,403.2,37.0
2026-10-06 16:05:00,1,1.758,420.8,36.4
2026-10-06 16:10:00,1,1.738,426.2,35.9
2026-10-06 16:15:00,1,1.828,408.7,35.3
2026-10-06 16:20:00,1,1.795,411.6,34.7
2026-10-06 16:25:00,1,1.217,287.2,34.1
2026-10-06 16:30:00,1,1.191,287.0,33.5
2026-10-06 16:35:00,1,1.503,352.5,32.9
2026-10-06 16:40:00,1,1.003,245.7,32.3
2026-10-06 16:45:00,1,1.281,292.5,31.6
2026-10-06 16:50:00,1,1.015,243.0,31.0
2026-10-06 16:55:00,1,0.84,198.7,30.4
2026-10-06 17:00:00,1,1.006,232.5,29.8
2026-10-06 17:05:00,1,0.847,211.3,29.1
2026-10-06 17:10:00,1,0.897,205.2,28.5
2026-10-06 17:15:00,1,0.754,176.5,27.9
2026-10-06 17:20:00,1,0.685,156.8,27.2
2026-10-06 17:25:00,1,0.483,120.7,26.6
2026-10-06 17:30:00,1,0.39,91.8,25.9
2026-10-06 17:35:00,1,0.446,100.9,25.3
2026-10-06 17:40:00,1,0.262,64.2,24.6
2026-10-06 17:45:00,1,0.263,58.9,24.0
2026-10-06 17:50:00,1,0.136,30.9,23.3
2026-10-06 17:55:00,1,0.069,,22.7
2026-10-06 18:00:00,1,0.0,0.0,22.0
2026-10-06 18:05:00,1,0.0,0.0,22.0
2026-10-06 18:10:00,1,0.0,0.0,22.0
2026-10-06 18:15:00,1,0.0,0.0,22.0
2026-10-06 18:20:00,1,0.0,0.0,22.0
2026-10-06 18:25:00,1,0.0,0.0,22.0
2026-10-06 18:30:00,1,0.0,0.0,22.0
2026-10-06 18:35:00,1,0.0,0.0,22.0
2026-10-06 18:40:00,1,0.0,0.0,22.0
2026-10-06 18:45:00,1,0.0,0.0,22.0
2026-10-06 18:50:00,1,0.0,0.0,22.0
2026-10-06 18:55:00,1,0.0,0.0,22.0
2026-10-06 19:00:00,1,0.0,0.0,22.0
2026-10-06 19:05:00,1,0.0,0.0,22.0
2026-10-06 19:10:00,1,0.0,0.0,22.0
2026-10-06 19:15:00,1,0.0,0.0,22.0
2026-10-06 19:20:00,1,0.0,0.0,22.0
2026-10-06 19:25:00,1,0.0,0.0,22.0
2026-10-06 19:30:00,1,0.0,0.0,22.0
2026-10-06 19:30:00,1,0.0,0.0,22.0
2026-10-06 19:35:00,1,0.0,0.0,22.0
2026-10-06 19:40:00,1,0.0,0.0,22.0
2026-10-06 19:45:00,1,0.0,,22.0
2026-10-06 19:50:00,1,0.0,0.0,22.0
2026-10-06 19:55:00,1,0.0,0.0,22.0
2026-10-06 20:00:00,1,0.0,0.0,22.0
2026-10-06 20:05:00,1,0.0,0.0,22.0
2026-10-06 20:10:00,1,0.0,0.0,22.0
2026-10-06 20:15:00,1,0.0,0.0,22.0
2026-10-06 20:20:00,1,0.0,0.0,22.0
2026-10-06 20:25:00,1,0.0,0.0,22.0
2026-10-06 20:30:00,1,0.0,0.0,22.0
2026-10-06 20:35:00,1,0.0,0.0,22.0
2026-10-06 20:40:00,1,0.0,0.0,22.0
2026-10-06 20:45:00,1,0.0,0.0,22.0
2026-10-06 20:50:00,1,0.0,0.0,22.0
2026-10-06 20:55:00,1,0.0,0.0,22.0
2026-10-06 21:00:00,1,0.0,0.0,22.0
2026-10-06 21:05:00,1,0.0,0.0,22.0
2026-10-06 21:10:00,1,0.0,0.0,22.0
2026-10-06 21:15:00,1,0.0,0.0,22.0
2026-10-06 21:20:00,1,0.0,,22.0
2026-10-06 21:25:00,1,0.0,0.0,22.0
2026-10-06 21:30:00,1,0.0,0.0,22.0
2026-10-06 21:35:00,1,0.0,0.0,22.0
2026-10-06 21:40:00,1,0.0,0.0,22.0
2026-10-06 21:45:00,1,0.0,0.0,22.0
2026-10-06 21:50:00,1,0.0,0.0,22.0
2026-10-06 21:55:00,1,0.0,0.0,22.0
2026-10-06 22:00:00,1,0.0,0.0,22.0
2026-10-06 22:05:00,1,0.0,0.0,22.0
2026-10-06 22:10:00,1,0.0,0.0,22.0
2026-10-06 22:15:00,1,0.0,0.0,22.0
2026-10-06 22:20:00,1,0.0,0.0,22.0
2026-10-06 22:25:00,1,0.0,0.0,22.0
2026-10-06 22:30:00,1,0.0,0.0,22.0
2026-10-06 22:35:00,1,0.0,0.0,22.0
2026-10-06 22:40:00,1,0.0,0.0,22.0
2026-10-06 22:45:00,1,0.0,0.0,22.0
2026-10-06 22:50:00,1,0.0,0.0,22.0
2026-10-06 22:55:00,1,0.0,0.0,22.0
2026-10-06 23:00:00,1,0.0,0.0,22.0
2026-10-06 23:05:00,1,0.0,0.0,22.0
2026-10-06 23:10:00,1,0.0,0.0,22.0
2026-10-06 23:15:00,1,0.0,0.0,22.0
2026-10-06 23:20:00,1,0.0,0.0,22.0
2026-10-06 23:25:00,1,0.0,0.0,22.0
2026-10-06 23:30:00,1,0.0,0.0,22.0
2026-10-06 23:35:00,1,0.0,0.0,22.0
2026-10-06 23:40:00,1,0.0,0.0,22.0
2026-10-06 23:45:00,1,0.0,0.0,22.0
2026-10-06 23:50:00,1,0.0,0.0,22.0
2026-10-06 23:55:00,1,0.0,0.0,22.0
2026-10-07 00:00:00,1,0.0,0.0,22.0
2026-10-07 00:05:00,1,0.0,0.0,22.0
2026-10-07 00:10:00,1,0.0,0.0,22.0
2026-10-07 00:15:00,1,0.0,0.0,22.0
2026-10-07 00:20:00,1,0.0,0.0,22.0
2026-10-07 00:25:00,1,0.0,,22.0
2026-10-07 00:30:00,1,0.0,0.0,22.0
2026-10-07 00:35:00,1,0.0,0.0,22.0
2026-10-07 00:40:00,1,0.0,0.0,22.0
2026-10-07 00:45:00,1,0.0,0.0,22.0
2026-10-07 00:50:00,1,0.0,0.0,22.0
2026-10-07 00:55:00,1,0.0,0.0,22.0
2026-10-07 01:00:00,1,0.0,0.0,22.0
2026-10-07 01:05:00,1,0.0,0.0,22.0
2026-10-07 01:10:00,1,0.0,0.0,22.0
2026-10-07 01:15:00,1,0.0,0.0,22.0
2026-10-07 01:20:00,1,0.0,0.0,22.0
2026-10-07 01:25:00,1,0.0,0.0,22.0
2026-10-07 01:30:00,1,0.0,0.0,22.0
2026-10-07 01:35:00,1,0.0,0.0,22.0
2026-10-07 01:40:00,1,0.0,0.0,22.0
2026-10-07 01:45:00,1,0.0,0.0,22.0
2026-10-07 01:50:00,1,0.0,0.0,22.0
2026-10-07 01:55:00,1,0.0,0.0,22.0
2026-10-07 02:00:00,1,0.0,0.0,22.0
2026-10-07 02:05:00,1,0.0,0.0,22.0
2026-10-07 02:10:00,1,0.0,0.0,22.0
2026-10-07 02:15:00,1,0.0,0.0,22.0
2026-10-07 02:20:00,1,0.0,0.0,22.0
2026-10-07 02:25:00,1,0.0,0.0,22.0
2026-10-07 02:30:00,1,0.0,0.0,22.0
2026-10-07 02:35:00,1,0.0,0.0,22.0
2026-10-07 02:40:00,1,0.0,0.0,22.0
2026-10-07 02:45:00,1,0.0,0.0,22.0
2026-10-07 02:50:00,1,0.0,0.0,22.0
2026-10-07 02:55:00,1,0.0,0.0,22.0
2026-10-07 03:00:00,1,0.0,0.0,22.0
2026-10-07 03:05:00,1,0.0,0.0,22.0
2026-10-07 03:10:00,1,0.0,0.0,22.0
2026-10-07 03:15:00,1,0.0,,22.0
2026-10-07 03:20:00,1,0.0,0.0,22.0
2026-10-07 03:25:00,1,0.0,0.0,22.0
2026-10-07 03:30:00,1,0.0,,22.0
2026-10-07 03:35:00,1,0.0,0.0,22.0
2026-10-07 03:40:00,1,0.0,0.0,22.0
2026-10-07 03:45:00,1,0.0,0.0,22.0
2026-10-07 03:50:00,1,0.0,0.0,22.0
2026-10-07 03:55:00,1,0.0,0.0,22.0
2026-10-07 04:00:00,1,0.0,0.0,22.0
2026-10-07 04:05:00,1,0.0,0.0,22.0
2026-10-07 04:10:00,1,0.0,0.0,22.0
2026-10-07 04:15:00,1,0.0,0.0,22.0
2026-10-07 04:20:00,1,0.0,0.0,22.0
2026-10-07 04:25:00,1,0.0,0.0,22.0
2026-10-07 04:30:00,1,0.0,0.0,22.0
2026-10-07 04:35:00,1,0.0,0.0,22.0
2026-10-07 04:40:00,1,0.0,0.0,22.0
2026-10-07 04:45:00,1,0.0,0.0,22.0
2026-10-07 04:50:00,1,0.0,0.0,22.0
2026-10-07 04:55:00,1,0.0,0.0,22.0
2026-10-07 05:00:00,1,0.0,,22.0
2026-10-07 05:05:00,1,0.0,0.0,22.0
2026-10-07 05:10:00,1,0.0,0.0,22.0
2026-10-07 05:15:00,1,0.0,0.0,22.0
2026-10-07 05:20:00,1,0.0,0.0,22.0
2026-10-07 05:25:00,1,0.0,0.0,22.0
2026-10-07 05:30:00,1,0.0,0.0,22.0
2026-10-07 05:35:00,1,0.0,0.0,22.0
2026-10-07 05:40:00,1,0.0,0.0,22.0
2026-10-07 05:45:00,1,0.0,0.0,22.0
2026-10-07 05:50:00,1,0.0,0.0,22.0
2026-10-07 05:55:00,1,0.0,0.0,22.0
2026-10-07 06:00:00,1,0.0,0.0,22.0
2026-10-07 06:05:00,1,0.07,15.9,22.7
2026-10-07 06:10:00,1,0.146,35.5,23.3
2026-10-07 06:15:00,1,0.249,57.5,24.0
2026-10-07 06:20:00,1,0.287,65.2,24.6
2026-10-07 06:25:00,1,0.396,99.0,25.3
2026-10-07 06:30:00,1,0.395,93.6,25.9
2026-10-07 06:35:00,1,0.556,130.2,26.6
2026-10-07 06:40:00,1,0.584,138.6,27.2
2026-10-07 06:45:00,1,0.724,166.8,27.9
2026-10-07 06:50:00,1,0.633,155.5,28.5
2026-10-07 06:55:00,1,1.013,232.3,29.1
2026-10-07 07:00:00,1,0.875,206.1,29.8
2026-10-07 07:05:00,1,1.111,264.5,30.4
2026-10-07 07:10:00,1,0.862,211.9,31.0
2026-10-07 07:15:00,1,1.218,290.0,31.6
2026-10-07 07:20:00,1,1.472,337.7,32.3
2026-10-07 07:25:00,1,1.313,307.1,32.9
2026-10-07 07:30:00,1,1.18,,33.5
2026-10-07 07:35:00,1,1.2,284.1,34.1
2026-10-07 07:40:00,1,1.635,365.0,34.7
2026-10-07 07:45:00,1,1.535,351.0,35.3
2026-10-07 07:50:00,1,1.866,439.4,35.9
2026-10-07 07:55:00,1,1.584,366.9,36.4
2026-10-07 08:00:00,1,1.926,429.4,37.0
2026-10-07 08:05:00,1,1.824,420.4,37.6
2026-10-07 08:10:00,1,1.895,471.8,38.1
2026-10-07 08:15:00,1,-1,509.6,38.7
2026-10-07 08:20:00,1,2.373,535.6,39.2
2026-10-07 08:25:00,1,1.879,467.4,39.7
2026-10-07 08:30:00,1,2.312,552.2,40.3
2026-10-07 08:35:00,1,2.324,536.5,40.8
2026-10-07 08:40:00,1,2.146,508.9,41.3
2026-10-07 08:45:00,1,2.083,511.2,41.8
2026-10-07 08:50:00,1,2.101,494.4,42.3
2026-10-07 08:55:00,1,2.05,491.1,42.7
2026-10-07 09:00:00,1,3.089,693.2,43.2
2026-10-07 09:05:00,1,2.364,578.1,43.7
2026-10-07 09:10:00,1,2.632,598.7,44.1
2026-10-07 09:15:00,1,2.912,686.6,44.6
2026-10-07 09:20:00,1,2.686,633.5,45.0
2026-10-07 09:25:00,1,2.511,614.1,45.4
2026-10-07 09:30:00,1,3.14,777.1,45.8
2026-10-07 09:35:00,1,3.457,792.9,46.2
2026-10-07 09:40:00,1,2.794,645.0,46.6
2026-10-07 09:45:00,1,3.306,743.0,46.9
2026-10-07 09:50:00,1,3.466,792.1,47.3
2026-10-07 09:55:00,1,3.072,732.4,47.6
2026-10-07 10:00:00,1,2.872,711.3,48.0
2026-10-07 10:05:00,1,3.476,791.8,48.3
2026-10-07 10:10:00,1,3.203,715.0,48.6
2026-10-07 10:15:00,1,2.717,676.1,48.9
2026-10-07 10:20:00,1,3.25,754.3,49.2
2026-10-07 10:25:00,1,3.265,729.5,49.5
2026-10-07 10:30:00,1,3.444,769.7,49.7
2026-10-07 10:35:00,1,3.083,691.5,50.0
2026-10-07 10:35:00,1,3.083,691.5,50.0
2026-10-07 10:40:00,1,3.582,834.0,50.2
2026-10-07 10:45:00,1,3.213,746.8,50.4
2026-10-07 10:50:00,1,3.005,740.1,50.6
2026-10-07 10:55:00,1,4.018,933.3,50.8
2026-10-07 11:00:00,1,3.193,737.3,51.0
2026-10-07 11:05:00,1,3.181,784.9,51.1
2026-10-07 11:10:00,1,3.358,801.0,51.3
2026-10-07 11:15:00,1,3.886,873.2,51.4
2026-10-07 11:20:00,1,3.827,901.1,51.5
2026-10-07 11:25:00,1,3.772,919.1,51.7
2026-10-07 11:30:00,1,3.912,923.1,51.7
2026-10-07 11:35:00,1,3.396,847.6,51.8
2026-10-07 11:40:00,1,4.014,989.4,51.9
2026-10-07 11:45:00,1,3.589,884.8,51.9
2026-10-07 11:50:00,1,3.294,779.2,52.0
2026-10-07 11:55:00,1,4.019,975.6,52.0
2026-10-07 12:00:00,1,3.849,858.1,52.0
2026-10-07 12:05:00,1,-1,852.3,52.0
2026-10-07 12:10:00,1,-1,882.3,52.0
2026-10-07 12:15:00,1,3.901,918.6,51.9
2026-10-07 12:20:00,1,3.399,795.1,51.9
2026-10-07 12:25:00,1,3.508,790.9,51.8
2026-10-07 12:30:00,1,3.94,877.8,51.7
2026-10-07 12:35:00,1,3.375,773.9,51.7
2026-10-07 12:40:00,1,3.157,762.6,51.5
2026-10-07 12:45:00,1,3.56,875.9,51.4
2026-10-07 12:50:00,1,4.241,957.3,51.3
2026-10-07 12:50:00,1,4.241,957.3,51.3
2026-10-07 12:55:00,1,3.104,758.3,51.1
2026-10-07 13:00:00,1,3.818,911.6,51.0
2026-10-07 13:05:00,1,3.034,734.4,50.8
2026-10-07 13:10:00,1,3.073,699.2,50.6
2026-10-07 13:15:00,1,3.199,781.3,50.4
2026-10-07 13:20:00,1,3.398,782.3,50.2
2026-10-07 13:25:00,1,3.361,810.6,50.0
2026-10-07 13:30:00,1,3.693,870.3,49.7
2026-10-07 13:35:00,1,2.875,718.3,49.5
2026-10-07 13:40:00,1,2.965,,49.2
2026-10-07 13:45:00,1,2.878,712.4,48.9
2026-10-07 13:50:00,1,-1,640.5,48.6
2026-10-07 13:55:00,1,3.073,750.9,48.3
2026-10-07 14:00:00,1,3.614,832.1,48.0
2026-10-07 14:05:00,1,2.638,652.5,47.6
2026-10-07 14:10:00,1,2.817,666.2,47.3
2026-10-07 14:10:00,1,2.817,666.2,47.3
2026-10-07 14:15:00,1,3.074,706.4,46.9
2026-10-07 14:20:00,1,2.717,608.1,46.6
2026-10-07 14:25:00,1,2.588,576.4,46.2
2026-10-07 14:30:00,1,3.254,747.4,45.8
2026-10-07 14:35:00,1,2.985,696.6,45.4
2026-10-07 14:40:00,1,2.772,631.7,45.0
2026-10-07 14:45:00,1,2.389,550.5,44.6
2026-10-07 14:50:00,1,2.412,561.2,44.1
2026-10-07 14:55:00,1,2.569,640.9,43.7
2026-10-07 15:00:00,1,2.659,639.4,43.2
2026-10-07 15:05:00,1,2.104,509.8,42.7
2026-10-07 15:10:00,1,-1,534.7,42.3
2026-10-07 15:15:00,1,2.762,,41.8
2026-10-07 15:20:00,1,2.097,466.4,41.3
2026-10-07 15:25:00,1,2.636,590.8,40.8
2026-10-07 15:30:00,1,1.965,458.3,40.3
2026-10-07 15:35:00,1,2.115,525.7,39.7
2026-10-07 15:40:00,1,1.762,417.1,39.2
2026-10-07 15:45:00,1,2.018,497.2,38.7
2026-10-07 15:50:00,1,1.687,377.2,38.1
2026-10-07 15:55:00,1,2.062,503.9,37.6
2026-10-07 16:00:00,1,1.497,360.7,37.0
2026-10-07 16:05:00,1,1.691,418.8,36.4
2026-10-07 16:10:00,1,1.844,427.4,35.9
2026-10-07 16:15:00,1,1.564,352.1,35.3
2026-10-07 16:20:00,1,1.708,408.8,34.7
2026-10-07 16:25:00,1,1.349,315.2,34.1
2026-10-07 16:30:00,1,1.444,350.4,33.5
2026-10-07 16:35:00,1,1.359,320.8,32.9
2026-10-07 16:40:00,1,1.297,292.8,32.3
2026-10-07 16:45:00,1,1.309,297.1,31.6
2026-10-07 16:50:00,1,1.246,291.9,31.0
2026-10-07 16:50:00,1,1.246,291.9,31.0
2026-10-07 16:55:00,1,-1,247.2,30.4
2026-10-07 17:00:00,1,0.817,186.5,29.8
2026-10-07 17:05:00,1,0.79,194.9,29.1
2026-10-07 17:10:00,1,0.828,185.9,28.5
2026-10-07 17:15:00,1,0.746,183.2,27.9
2026-10-07 17:20:00,1,0.573,141.8,27.2
2026-10-07 17:25:00,1,0.512,120.8,26.6
2026-10-07 17:25:00,1,0.512,120.8,26.6
2026-10-07 17:30:00,1,0.487,117.3,25.9
2026-10-07 17:35:00,1,0.386,85.9,25.3
2026-10-07 17:40:00,1,0.379,86.1,24.6
2026-10-07 17:45:00,1,0.257,58.7,24.0
2026-10-07 17:50:00,1,0.143,34.3,23.3
2026-10-07 17:55:00,1,0.068,16.6,22.7
2026-10-07 18:00:00,1,0.0,0.0,22.0
2026-10-07 18:05:00,1,0.0,0.0,22.0
2026-10-07 18:10:00,1,0.0,0.0,22.0
2026-10-07 18:15:00,1,0.0,0.0,22.0
2026-10-07 18:20:00,1,0.0,0.0,22.0
2026-10-07 18:25:00,1,0.0,0.0,22.0
2026-10-07 18:30:00,1,0.0,0.0,22.0
2026-10-07 18:35:00,1,0.0,0.0,22.0
2026-10-07 18:40:00,1,0.0,0.0,22.0
2026-10-07 18:45:00,1,0.0,0.0,22.0
2026-10-07 18:50:00,1,0.0,0.0,22.0
2026-10-07 18:55:00,1,0.0,0.0,22.0
2026-10-07 19:00:00,1,0.0,0.0,22.0
2026-10-07 19:05:00,1,0.0,0.0,22.0
2026-10-07 19:10:00,1,0.0,0.0,22.0
2026-10-07 19:15:00,1,0.0,0.0,22.0
2026-10-07 19:20:00,1,0.0,0.0,22.0
2026-10-07 19:25:00,1,0.0,0.0,22.0
2026-10-07 19:25:00,1,0.0,0.0,22.0
2026-10-07 19:30:00,1,0.0,0.0,22.0
2026-10-07 19:35:00,1,0.0,0.0,22.0
2026-10-07 19:40:00,1,0.0,0.0,22.0
2026-10-07 19:45:00,1,0.0,0.0,22.0
2026-10-07 19:50:00,1,0.0,0.0,22.0
2026-10-07 19:55:00,1,0.0,0.0,22.0
2026-10-07 20:00:00,1,0.0,0.0,22.0
2026-10-07 20:05:00,1,0.0,0.0,22.0
2026-10-07 20:10:00,1,0.0,0.0,22.0
2026-10-07 20:15:00,1,0.0,0.0,22.0
2026-10-07 20:20:00,1,0.0,0.0,22.0
2026-10-07 20:25:00,1,0.0,0.0,22.0
2026-10-07 20:30:00,1,0.0,0.0,22.0
2026-10-07 20:35:00,1,0.0,0.0,22.0
2026-10-07 20:40:00,1,0.0,0.0,22.0
2026-10-07 20:45:00,1,0.0,0.0,22.0
2026-10-07 20:50:00,1,0.0,0.0,22.0
2026-10-07 20:55:00,1,0.0,0.0,22.0
2026-10-07 21:00:00,1,0.0,0.0,22.0
2026-10-07 21:05:00,1,0.0,0.0,22.0
2026-10-07 21:10:00,1,-1,0.0,22.0
2026-10-07 21:15:00,1,0.0,0.0,22.0
2026-10-07 21:20:00,1,0.0,0.0,22.0
2026-10-07 21:25:00,1,0.0,0.0,22.0
2026-10-07 21:30:00,1,0.0,0.0,22.0
2026-10-07 21:35:00,1,0.0,0.0,22.0
2026-10-07 21:40:00,1,0.0,0.0,22.0
2026-10-07 21:45:00,1,0.0,0.0,22.0
2026-10-07 21:50:00,1,0.0,0.0,22.0
2026-10-07 21:55:00,1,0.0,0.0,22.0
2026-10-07 22:00:00,1,0.0,0.0,22.0
2026-10-07 22:05:00,1,0.0,0.0,22.0
2026-10-07 22:10:00,1,0.0,0.0,22.0
2026-10-07 22:15:00,1,0.0,0.0,22.0
2026-10-07 22:20:00,1,0.0,,22.0
2026-10-07 22:25:00,1,0.0,0.0,22.0
2026-10-07 22:30:00,1,0.0,0.0,22.0
2026-10-07 22:35:00,1,0.0,0.0,22.0
2026-10-07 22:40:00,1,0.0,0.0,22.0
2026-10-07 22:40:00,1,0.0,0.0,22.0
2026-10-07 22:45:00,1,0.0,0.0,22.0
2026-10-07 22:50:00,1,0.0,0.0,22.0
2026-10-07 22:55:00,1,0.0,0.0,22.0
2026-10-07 23:00:00,1,0.0,0.0,22.0
2026-10-07 23:05:00,1,0.0,0.0,22.0
2026-10-07 23:10:00,1,0.0,0.0,22.0
2026-10-07 23:15:00,1,0.0,0.0,22.0
2026-10-07 23:20:00,1,0.0,0.0,22.0
2026-10-07 23:25:00,1,-1,0.0,22.0
2026-10-07 23:30:00,1,0.0,0.0,22.0
2026-10-07 23:35:00,1,0.0,0.0,22.0
2026-10-07 23:40:00,1,0.0,0.0,22.0
2026-10-07 23:45:00,1,0.0,0.0,22.0
2026-10-07 23:50:00,1,0.0,0.0,22.0
2026-10-07 23:55:00,1,0.0,0.0,22.0
